<?xml version="1.0" encoding="UTF-8"?>
<project-private xmlns="http://www.netbeans.org/ns/project-private/1">
    <editor-bookmarks xmlns="http://www.netbeans.org/ns/editor-bookmarks/2" lastBookmarkId="0"/>
    <open-files xmlns="http://www.netbeans.org/ns/projectui-open-files/2">
        <group>
            <file>file:/D:/Kuliah/Semester%204/Prak%20PBO/Pertemuan%205/Riris/Tugas%20Pertemuan%205/src/tugas/pertemuan/pkg5/TugasPertemuan5.java</file>
            <file>file:/D:/Kuliah/Semester%204/Prak%20PBO/Pertemuan%205/Riris/Tugas%20Pertemuan%205/src/bidang/Persegi.java</file>
            <file>file:/D:/Kuliah/Semester%204/Prak%20PBO/Pertemuan%205/Riris/Tugas%20Pertemuan%205/src/tugas/pertemuan/pkg5/View.java</file>
            <file>file:/D:/Kuliah/Semester%204/Prak%20PBO/Pertemuan%205/Riris/Tugas%20Pertemuan%205/src/bidang/MenghitungBidang.java</file>
            <file>file:/D:/Kuliah/Semester%204/Prak%20PBO/Pertemuan%205/Riris/Tugas%20Pertemuan%205/src/ruang/Balok.java</file>
            <file>file:/D:/Kuliah/Semester%204/Prak%20PBO/Pertemuan%205/Riris/Tugas%20Pertemuan%205/src/ruang/MenghitungRuang.java</file>
        </group>
    </open-files>
</project-private>
